Workbook

Sheet PETUNJUK
A1: ONEVIEW — SIMULATOR TELEMETRI SENSOR & UJI SKENARIO ALARM ML
A3: 1. TUJUAN & FUNGSI WORKBOOK
A4: Workbook ini digunakan untuk menyimulasikan telemetri sensor 72-jam (per jam) dan menguji respons modul ML Alarm Dini.
A5: Sistem ONEVIEW membaca berkas ini secara hot-reload (setiap 1-2 detik) tanpa perlu me-restart server backend.
A7: 2. CARA PENGGUNAAN CEPAT
A8: a. Buka sheet 'PARAMETER'. Pilih Tag peralatan dan Mode pola dari menu dropdown.
A9: b. Atur parameter pendukung (Nilai Dasar, Laju Beban, Slope Kenaikan, dsb.).
A10: c. Sheet 'GENERATOR' akan secara otomatis menghitung 72 jam data telemetri berbasis rumus deterministik.
A11: d. Jika ingin memasukkan data manual, buka sheet 'INPUT' dan ubah Sumber Data di sheet PARAMETER menjadi 'INPUT_MANUAL'.
A12: e. Simpan berkas di Microsoft Excel (Ctrl + S) agar rumus terhitung (menghasilkan cached values).
A13: f. Amati hasil evaluasi status, estimasi waktu menuju trip (TTT), dan rekomendasi CAPA di Dashboard ONEVIEW (Tab Alarms).
A15: 3. PRINSIP KESELAMATAN & INTEGRITAS DATA
... A22: Jika sel rumus terbaca kosong oleh backend, buka berkas ini di Microsoft Excel dan tekan 'Simpan' (Ctrl + S).

Sheet PARAMETER
A1: KONFIGURASI PARAMETER SIMULASI TELEMETRI
A3: Parameter | B3: Nilai | C3: Satuan / Keterangan | D3: Rentang / Opsi Valid
A4: Tag Peralatan | B4: KO-3201 | C4: Tag aset kritis yang diuji | D4: KO-3201, PM-4405B, HE-3301, BL-5702, PU-2101B
A5: Sumber Data | B5: GENERATOR | C5: Sumber data yang dibaca backend | D5: GENERATOR, INPUT_MANUAL
A6: Mode Pola | B6: ramp | C6: Bentuk tren telemetri sensor | D6: datar, ramp, lonjakan, spike, flatline, naik_karena_beban
A7: Nilai Dasar (Base Value) | B7: 28.5 | C7: Nilai sensor awal saat normal | D7: Angka numerik wajar (1 - 500)
A8: Laju Beban Dasar (Base Load) | B8: 55 | C8: Ton/Jam atau Ampere motor | D8: Angka numerik wajar (5 - 300)
A9: Slope Kenaikan (Ramp per Jam) | B9: 0.5 | C9: Laju kenaikan per jam pada mode ramp | D9: 0.01 - 10.0 per jam
A10: Waktu Mulai Lonjakan (Jam) | B10: 48 | C10: Jam dimulainya kenaikan cepat | D10: 1 - 70
A11: Slope Lonjakan per Jam | B11: 1.8 | C11: Laju kenaikan tajam per jam | D11: 0.1 - 20.0 per jam
A12: Waktu Kejadian Spike (Jam) | B12: 36 | C12: Titik waktu spike sesaat terjadi | D12: 1 - 72
A13: Besaran Spike (Magnitude) | B13: 20 | C13: Besar lonjakan ekstrem sesaat | D13: 1.0 - 100.0
A14: Skala Noise Acak | B14: 0.3 | C14: Amplitudo fluktuasi normal deterministik | D14: 0.0 - 2.0
A15: Kenaikan Beban (Load Delta) | B15: 15 | C15: Kenaikan beban proses pada mode terkait | D15: 5.0 - 50.0
A16: Deskripsi Skenario | B16: Uji degradasi bertahap (ramp) menuju batas alert | C16: Catatan skenario pengguna | D16: Teks bebas

Sheet GENERATOR
A1: GENERATOR TELEMETRI 72 JAM BERBASIS RUMUS DETERMINISTIK
A3: Jam Ke | B3: Waktu (Timestamp) | C3: Laju Beban (Rate) | D3: Nilai Parameter (Sensor) | E3: Catatan Pola
A4: 1 | B4: 2026-10-01 00:00:00 | C4: =IF(PARAMETER!$B$6="naik_karena_beban", PARAMETER!$B$8 + IF(A4>36, PARAMETER!$B$15, 0), PARAMETER!$B$8) + ROUND(SIN(A4*0.5)*0.5, 2) -> 55.24 | D4: =IF(PARAMETER!$B$6="flatline", PARAMETER!$B$7, IF(PARAMETER!$B$6="datar", PARAMETER!$B$7 + ROUND(SIN(A4*0.89)*PARAMETER!$B$14 + COS(A4*0.53)*(PARAMETER!$B$14*0.5), 3), IF(PARAMETER!$B$6="ramp", PARAMETER!$B$7 + (A4-1)*PARAMETER!$B$9 + ROUND(SIN(A4*0.89)*PARAMETER!$B$14, 3), IF(PARAMETER!$B$6="lonjakan", PARAMETER!$B$7 + IF(A4>PARAMETER!$B$10, (A4-PARAMETER!$B$10)*PARAMETER!$B$11, 0) + ROUND(SIN(A4*0.89)*PARAMETER!$B$14, 3), IF(PARAMETER!$B$6="spike", PARAMETER!$B$7 + IF(A4=PARAMETER!$B$12, PARAMETER!$B$13, 0) + ROUND(SIN(A4*0.89)*PARAMETER!$B$14, 3), IF(PARAMETER!$B$6="naik_karena_beban", PARAMETER!$B$7 + (C4-PARAMETER!$B$8)*0.25 + ROUND(SIN(A4*0.89)*PARAMETER!$B$14, 3), PARAMETER!$B$7)))))) -> 28.863 | E4: =PARAMETER!$B$6 & " (Jam " & A4 & ")"
A5: 2 | B5: 2026-10-01 01:00:00 | C5: =IF(PARAMETER!$B$6="naik_karena_beban", PARAMETER!$B$8 + IF(A5>36, PARAMETER!$B$15, 0), PARAMETER!$B$8) + ROUND(SIN(A5*0.5)*0.5, 2) -> 55.42 | D5: =IF(PARAMETER!$B$6="flatline", PARAMETER!$B$7, IF(PARAMETER!$B$6="datar", PARAMETER!$B$7 + ROUND(SIN(A5*0.89)*PARAMETER!$B$14 + COS(A5*0.53)*(PARAMETER!$B$14*0.5), 3), IF(PARAMETER!$B$6="ramp", PARAMETER!$B$7 + (A5-1)*PARAMETER!$B$9 + ROUND(SIN(A5*0.89)*PARAMETER!$B$14, 3), IF(PARAMETER!$B$6="lonjakan", PARAMETER!$B$7 + IF(A5>PARAMETER!$B$10, (A5-PARAMETER!$B$10)*PARAMETER!$B$11, 0) + ROUND(SIN(A5*0.89)*PARAMETER!$B$14, 3), IF(PARAMETER!$B$6="spike", PARAMETER!$B$7 + IF(A5=PARAMETER!$B$12, PARAMETER!$B$13, 0) + ROUND(SIN(A5*0.89)*PARAMETER!$B$14, 3), IF(PARAMETER!$B$6="naik_karena_beban", PARAMETER!$B$7 + (C5-PARAMETER!$B$8)*0.25 + ROUND(SIN(A5*0.89)*PARAMETER!$B$14, 3), PARAMETER!$B$7)))))) -> 29.367 | E5: =PARAMETER!$B$6 & " (Jam " & A5 & ")"
A6: 3 | B6: 2026-10-01 02:00:00 | C6: =IF(PARAMETER!$B$6="naik_karena_beban", PARAMETER!$B$8 + IF(A6>36, PARAMETER!$B$15, 0), PARAMETER!$B$8) + ROUND(SIN(A6*0.5)*0.5, 2) -> 55.5 | D6: =IF(PARAMETER!$B$6="flatline", PARAMETER!$B$7, IF(PARAMETER!$B$6="datar", PARAMETER!$B$7 + ROUND(SIN(A6*0.89)*PARAMETER!$B$14 + COS(A6*0.53)*(PARAMETER!$B$14*0.5), 3), IF(PARAMETER!$B$6="ramp", PARAMETER!$B$7 + (A6-1)*PARAMETER!$B$9 + ROUND(SIN(A6*0.89)*PARAMETER!$B$14, 3), IF(PARAMETER!$B$6="lonjakan", PARAMETER!$B$7 + IF(A6>PARAMETER!$B$10, (A6-PARAMETER!$B$10)*PARAMETER!$B$11, 0) + ROUND(SIN(A6*0.89)*PARAMETER!$B$14, 3), IF(PARAMETER!$B$6="spike", PARAMETER!$B$7 + IF(A6=PARAMETER!$B$12, PARAMETER!$B$13, 0) + ROUND(SIN(A6*0.89)*PARAMETER!$B$14, 3), IF(PARAMETER!$B$6="naik_karena_beban", PARAMETER!$B$7 + (C6-PARAMETER!$B$8)*0.25 + ROUND(SIN(A6*0.89)*PARAMETER!$B$14, 3), PARAMETER!$B$7)))))) -> 29.633 | E6: =PARAMETER!$B$6 & " (Jam " & A6 & ")"
A7: 4 | B7: 2026-10-01 03:00:00 | C7: =IF(PARAMETER!$B$6="naik_karena_beban", PARAMETER!$B$8 + IF(A7>36, PARAMETER!$B$15, 0), PARAMETER!$B$8) + ROUND(SIN(A7*0.5)*0.5, 2) -> 55.45 | D7: =IF(PARAMETER!$B$6="flatline", PARAMETER!$B$7, IF(PARAMETER!$B$6="datar", PARAMETER!$B$7 + ROUND(SIN(A7*0.89)*PARAMETER!$B$14 + COS(A7*0.53)*(PARAMETER!$B$14*0.5), 3), IF(PARAMETER!$B$6="ramp", PARAMETER!$B$7 + (A7-1)*PARAMETER!$B$9 + ROUND(SIN(A7*0.89)*PARAMETER!$B$14, 3), IF(PARAMETER!$B$6="lonjakan", PARAMETER!$B$7 + IF(A7>PARAMETER!$B$10, (A7-PARAMETER!$B$10)*PARAMETER!$B$11, 0) + ROUND(SIN(A7*0.89)*PARAMETER!$B$14, 3), IF(PARAMETER!$B$6="spike", PARAMETER!$B$7 + IF(A7=PARAMETER!$B$12, PARAMETER!$B$13, 0) + ROUND(SIN(A7*0.89)*PARAMETER!$B$14, 3), IF(PARAMETER!$B$6="naik_karena_beban", PARAMETER!$B$7 + (C7-PARAMETER!$B$8)*0.25 + ROUND(SIN(A7*0.89)*PARAMETER!$B$14, 3), PARAMETER!$B$7)))))) -> 29.8 | E7: =PARAMETER!$B$6 & " (Jam " & A7 & ")"
A8: 5 | B8: 2026-10-01 04:00:00 | C8: =IF(PARAMETER!$B$6="naik_karena_beban", PARAMETER!$B$8 + IF(A8>36, PARAMETER!$B$15, 0), PARAMETER!$B$8) + ROUND(SIN(A8*0.5)*0.5, 2) -> 55.3 | D8: =IF(PARAMETER!$B$6="flatline", PARAMETER!$B$7, IF(PARAMETER!$B$6="datar", PARAMETER!$B$7 + ROUND(SIN(A8*0.89)*PARAMETER!$B$14 + COS(A8*0.53)*(PARAMETER!$B$14*0.5), 3), IF(PARAMETER!$B$6="ramp", PARAMETER!$B$7 + (A8-1)*PARAMETER!$B$9 + ROUND(SIN(A8*0.89)*PARAMETER!$B$14, 3), IF(PARAMETER!$B$6="lonjakan", PARAMETER!$B$7 + IF(A8>PARAMETER!$B$10, (A8-PARAMETER!$B$10)*PARAMETER!$B$11, 0) + ROUND(SIN(A8*0.89)*PARAMETER!$B$14, 3), IF(PARAMETER!$B$6="spike", PARAMETER!$B$7 + IF(A8=PARAMETER!$B$12, PARAMETER!$B$13, 0) + ROUND(SIN(A8*0.89)*PARAMETER!$B$14, 3), IF(PARAMETER!$B$6="naik_karena_beban", PARAMETER!$B$7 + (C8-PARAMETER!$B$8)*0.25 + ROUND(SIN(A8*0.89)*PARAMETER!$B$14, 3), PARAMETER!$B$7)))))) -> 30.078 | E8: =PARAMETER!$B$6 & " (Jam " & A8 & ")"
A9: 6 | B9: 2026-10-01 05:00:00 | C9: =IF(PARAMETER!$B$6="naik_karena_beban", PARAMETER!$B$8 + IF(A9>36, PARAMETER!$B$15, 0), PARAMETER!$B$8) + ROUND(SIN(A9*0.5)*0.5, 2) -> 55.07 | D9: =IF(PARAMETER!$B$6="flatline", PARAMETER!$B$7, IF(PARAMETER!$B$6="datar", PARAMETER!$B$7 + ROUND(SIN(A9*0.89)*PARAMETER!$B$14 + COS(A9*0.53)*(PARAMETER!$B$14*0.5), 3), IF(PARAMETER!$B$6="ramp", PARAMETER!$B$7 + (A9-1)*PARAMETER!$B$9 + ROUND(SIN(A9*0.89)*PARAMETER!$B$14, 3), IF(PARAMETER!$B$6="lonjakan", PARAMETER!$B$7 + IF(A9>PARAMETER!$B$10, (A9-PARAMETER!$B$10)*PARAMETER!$B$11, 0) + ROUND(SIN(A9*0.89)*PARAMETER!$B$14, 3), IF(PARAMETER!$B$6="spike", PARAMETER!$B$7 + IF(A9=PARAMETER!$B$12, PARAMETER!$B$13, 0) + ROUND(SIN(A9*0.89)*PARAMETER!$B$14, 3), IF(PARAMETER!$B$6="naik_karena_beban", PARAMETER!$B$7 + (C9-PARAMETER!$B$8)*0.25 + ROUND(SIN(A9*0.89)*PARAMETER!$B$14, 3), PARAMETER!$B$7)))))) -> 30.607 | E9: =PARAMETER!$B$6 & " (Jam " & A9 & ")"
A10: 7 | B10: 2026-10-01 06:00:00 | C10: =IF(PARAMETER!$B$6="naik_karena_beban", PARAMETER!$B$8 + IF(A10>36, PARAMETER!$B$15, 0), PARAMETER!$B$8) + ROUND(SIN(A10*0.5)*0.5, 2) -> 54.82 | D10: =IF(PARAMETER!$B$6="flatline", PARAMETER!$B$7, IF(PARAMETER!$B$6="datar", PARAMETER!$B$7 + ROUND(SIN(A10*0.89)*PARAMETER!$B$14 + COS(A10*0.53)*(PARAMETER!$B$14*0.5), 3), IF(PARAMETER!$B$6="ramp", PARAMETER!$B$7 + (A10-1)*PARAMETER!$B$9 + ROUND(SIN(A10*0.89)*PARAMETER!$B$14, 3), IF(PARAMETER!$B$6="lonjakan", PARAMETER!$B$7 + IF(A10>PARAMETER!$B$10, (A10-PARAMETER!$B$10)*PARAMETER!$B$11, 0) + ROUND(SIN(A10*0.89)*PARAMETER!$B$14, 3), IF(PARAMETER!$B$6="spike", PARAMETER!$B$7 + IF(A10=PARAMETER!$B$12, PARAMETER!$B$13, 0) + ROUND(SIN(A10*0.89)*PARAMETER!$B$14, 3), IF(PARAMETER!$B$6="naik_karena_beban", PARAMETER!$B$7 + (C10-PARAMETER!$B$8)*0.25 + ROUND(SIN(A10*0.89)*PARAMETER!$B$14, 3), PARAMETER!$B$7)))))) -> 31.358 | E10: =PARAMETER!$B$6 & " (Jam " & A10 & ")"
A11: 8 | B11: 2026-10-01 07:00:00 | C11: =IF(PARAMETER!$B$6="naik_karena_beban", PARAMETER!$B$8 + IF(A11>36, PARAMETER!$B$15, 0), PARAMETER!$B$8) + ROUND(SIN(A11*0.5)*0.5, 2) -> 54.62 | D11: =IF(PARAMETER!$B$6="flatline", PARAMETER!$B$7, IF(PARAMETER!$B$6="datar", PARAMETER!$B$7 + ROUND(SIN(A11*0.89)*PARAMETER!$B$14 + COS(A11*0.53)*(PARAMETER!$B$14*0.5), 3), IF(PARAMETER!$B$6="ramp", PARAMETER!$B$7 + (A11-1)*PARAMETER!$B$9 + ROUND(SIN(A11*0.89)*PARAMETER!$B$14, 3), IF(PARAMETER!$B$6="lonjakan", PARAMETER!$B$7 + IF(A11>PARAMETER!$B$10, (A11-PARAMETER!$B$10)*PARAMETER!$B$11, 0) + ROUND(SIN(A11*0.89)*PARAMETER!$B$14, 3), IF(PARAMETER!$B$6="spike", PARAMETER!$B$7 + IF(A11=PARAMETER!$B$12, PARAMETER!$B$13, 0) + ROUND(SIN(A11*0.89)*PARAMETER!$B$14, 3), IF(PARAMETER!$B$6="naik_karena_beban", PARAMETER!$B$7 + (C11-PARAMETER!$B$8)*0.25 + ROUND(SIN(A11*0.89)*PARAMETER!$B$14, 3), PARAMETER!$B$7)))))) -> 32.155 | E11: =PARAMETER!$B$6 & " (Jam " & A11 & ")"
A12: 9 | B12: 2026-10-01 08:00:00 | C12: =IF(PARAMETER!$B$6="naik_karena_beban", PARAMETER!$B$8 + IF(A12>36, PARAMETER!$B$15, 0), PARAMETER!$B$8) + ROUND(SIN(A12*0.5)*0.5, 2) -> 54.51 | D12: =IF(PARAMETER!$B$6="flatline", PARAMETER!$B$7, IF(PARAMETER!$B$6="datar", PARAMETER!$B$7 + ROUND(SIN(A12*0.89)*PARAMETER!$B$14 + COS(A12*0.53)*(PARAMETER!$B$14*0.5), 3), IF(PARAMETER!$B$6="ramp", PARAMETER!$B$7 + (A12-1)*PARAMETER!$B$9 + ROUND(SIN(A12*0.89)*PARAMETER!$B$14, 3), IF(PARAMETER!$B$6="lonjakan", PARAMETER!$B$7 + IF(A12>PARAMETER!$B$10, (A12-PARAMETER!$B$10)*PARAMETER!$B$11, 0) + ROUND(SIN(A12*0.89)*PARAMETER!$B$14, 3), IF(PARAMETER!$B$6="spike", PARAMETER!$B$7 + IF(A12=PARAMETER!$B$12, PARAMETER!$B$13, 0) + ROUND(SIN(A12*0.89)*PARAMETER!$B$14, 3), IF(PARAMETER!$B$6="naik_karena_beban", PARAMETER!$B$7 + (C12-PARAMETER!$B$8)*0.25 + ROUND(SIN(A12*0.89)*PARAMETER!$B$14, 3), PARAMETER!$B$7)))))) -> 32.805 | E12: =PARAMETER!$B$6 & " (Jam " & A12 & ")"
A13: 10 | B13: 2026-10-01 09:00:00 | C13: =IF(PARAMETER!$B$6="naik_karena_beban", PARAMETER!$B$8 + IF(A13>36, PARAMETER!$B$15, 0), PARAMETER!$B$8) + ROUND(SIN(A13*0.5)*0.5, 2) -> 54.52 | D13: =IF(PARAMETER!$B$6="flatline", PARAMETER!$B$7, IF(PARAMETER!$B$6="datar", PARAMETER!$B$7 + ROUND(SIN(A13*0.89)*PARAMETER!$B$14 + COS(A13*0.53)*(PARAMETER!$B$14*0.5), 3), IF(PARAMETER!$B$6="ramp", PARAMETER!$B$7 + (A13-1)*PARAMETER!$B$9 + ROUND(SIN(A13*0.89)*PARAMETER!$B$14, 3), IF(PARAMETER!$B$6="lonjakan", PARAMETER!$B$7 + IF(A13>PARAMETER!$B$10, (A13-PARAMETER!$B$10)*PARAMETER!$B$11, 0) + ROUND(SIN(A13*0.89)*PARAMETER!$B$14, 3), IF(PARAMETER!$B$6="spike", PARAMETER!$B$7 + IF(A13=PARAMETER!$B$12, PARAMETER!$B$13, 0) + ROUND(SIN(A13*0.89)*PARAMETER!$B$14, 3), IF(PARAMETER!$B$6="naik_karena_beban", PARAMETER!$B$7 + (C13-PARAMETER!$B$8)*0.25 + ROUND(SIN(A13*0.89)*PARAMETER!$B$14, 3), PARAMETER!$B$7)))))) -> 33.233 | E13: =PARAMETER!$B$6 & " (Jam " & A13 & ")"
A14: 11 | B14: 2026-10-01 10:00:00 | C14: =IF(PARAMETER!$B$6="naik_karena_beban", PARAMETER!$B$8 + IF(A14>36, PARAMETER!$B$15, 0), PARAMETER!$B$8) + ROUND(SIN(A14*0.5)*0.5, 2) -> 54.65 | D14: =IF(PARAMETER!$B$6="flatline", PARAMETER!$B$7, IF(PARAMETER!$B$6="datar", PARAMETER!$B$7 + ROUND(SIN(A14*0.89)*PARAMETER!$B$14 + COS(A14*0.53)*(PARAMETER!$B$14*0.5), 3), IF(PARAMETER!$B$6="ramp", PARAMETER!$B$7 + (A14-1)*PARAMETER!$B$9 + ROUND(SIN(A14*0.89)*PARAMETER!$B$14, 3), IF(PARAMETER!$B$6="lonjakan", PARAMETER!$B$7 + IF(A14>PARAMETER!$B$10, (A14-PARAMETER!$B$10)*PARAMETER!$B$11, 0) + ROUND(SIN(A14*0.89)*PARAMETER!$B$14, 3), IF(PARAMETER!$B$6="spike", PARAMETER!$B$7 + IF(A14=PARAMETER!$B$12, PARAMETER!$B$13, 0) + ROUND(SIN(A14*0.89)*PARAMETER!$B$14, 3), IF(PARAMETER!$B$6="naik_karena_beban", PARAMETER!$B$7 + (C14-PARAMETER!$B$8)*0.25 + ROUND(SIN(A14*0.89)*PARAMETER!$B$14, 3), PARAMETER!$B$7)))))) -> 33.528 | E14: =PARAMETER!$B$6 & " (Jam " & A14 & ")"
A15: 12 | B15: 2026-10-01 11:00:00 | C15: =IF(PARAMETER!$B$6="naik_karena_beban", PARAMETER!$B$8 + IF(A15>36, PARAMETER!$B$15, 0), PARAMETER!$B$8) + ROUND(SIN(A15*0.5)*0.5, 2) -> 54.86 | D15: =IF(PARAMETER!$B$6="flatline", PARAMETER!$B$7, IF(PARAMETER!$B$6="datar", PARAMETER!$B$7 + ROUND(SIN(A15*0.89)*PARAMETER!$B$14 + COS(A15*0.53)*(PARAMETER!$B$14*0.5), 3), IF(PARAMETER!$B$6="ramp", PARAMETER!$B$7 + (A15-1)*PARAMETER!$B$9 + ROUND(SIN(A15*0.89)*PARAMETER!$B$14, 3), IF(PARAMETER!$B$6="lonjakan", PARAMETER!$B$7 + IF(A15>PARAMETER!$B$10, (A15-PARAMETER!$B$10)*PARAMETER!$B$11, 0) + ROUND(SIN(A15*0.89)*PARAMETER!$B$14, 3), IF(PARAMETER!$B$6="spike", PARAMETER!$B$7 + IF(A15=PARAMETER!$B$12, PARAMETER!$B$13, 0) + ROUND(SIN(A15*0.89)*PARAMETER!$B$14, 3), IF(PARAMETER!$B$6="naik_karena_beban", PARAMETER!$B$7 + (C15-PARAMETER!$B$8)*0.25 + ROUND(SIN(A15*0.89)*PARAMETER!$B$14, 3), PARAMETER!$B$7)))))) -> 33.864 | E15: =PARAMETER!$B$6 & " (Jam " & A15 & ")"
... A75: 72 | B75: 2026-10-03 23:00:00 | C75: =IF(PARAMETER!$B$6="naik_karena_beban", PARAMETER!$B$8 + IF(A75>36, PARAMETER!$B$15, 0), PARAMETER!$B$8) + ROUND(SIN(A75*0.5)*0.5, 2) -> 54.5 | D75: =IF(PARAMETER!$B$6="flatline", PARAMETER!$B$7, IF(PARAMETER!$B$6="datar", PARAMETER!$B$7 + ROUND(SIN(A75*0.89)*PARAMETER!$B$14 + COS(A75*0.53)*(PARAMETER!$B$14*0.5), 3), IF(PARAMETER!$B$6="ramp", PARAMETER!$B$7 + (A75-1)*PARAMETER!$B$9 + ROUND(SIN(A75*0.89)*PARAMETER!$B$14, 3), IF(PARAMETER!$B$6="lonjakan", PARAMETER!$B$7 + IF(A75>PARAMETER!$B$10, (A75-PARAMETER!$B$10)*PARAMETER!$B$11, 0) + ROUND(SIN(A75*0.89)*PARAMETER!$B$14, 3), IF(PARAMETER!$B$6="spike", PARAMETER!$B$7 + IF(A75=PARAMETER!$B$12, PARAMETER!$B$13, 0) + ROUND(SIN(A75*0.89)*PARAMETER!$B$14, 3), IF(PARAMETER!$B$6="naik_karena_beban", PARAMETER!$B$7 + (C75-PARAMETER!$B$8)*0.25 + ROUND(SIN(A75*0.89)*PARAMETER!$B$14, 3), PARAMETER!$B$7)))))) -> 64.419 | E75: =PARAMETER!$B$6 & " (Jam " & A75 & ")"

Sheet INPUT
A1: LEMBAR INPUT DATA MANUAL TELEMETRI (OPSIONAL)
A2: Digunakan jika Sumber Data di sheet PARAMETER diset ke 'INPUT_MANUAL'.
A4: Jam Ke | B4: Waktu (Timestamp) | C4: Nilai Parameter | D4: Laju Beban | E4: Catatan
A5: 1 | B5: 2026-10-01 00:00:00 | C5: 28.75 | D5: 55.27 | E5: Input normal
A6: 2 | B6: 2026-10-01 01:00:00 | C6: 28.77 | D6: 54.79 | E6: Input normal
A7: 3 | B7: 2026-10-01 02:00:00 | C7: 28.54 | D7: 54.51 | E7: Input normal
A8: 4 | B8: 2026-10-01 03:00:00 | C8: 28.27 | D8: 54.67 | E8: Input normal
A9: 5 | B9: 2026-10-01 04:00:00 | C9: 28.21 | D9: 55.14 | E9: Input normal
A10: 6 | B10: 2026-10-01 05:00:00 | C10: 28.42 | D10: 55.48 | E10: Input normal
A11: 7 | B11: 2026-10-01 06:00:00 | C11: 28.7 | D11: 55.38 | E11: Input normal
A12: 8 | B12: 2026-10-01 07:00:00 | C12: 28.8 | D12: 54.93 | E12: Input normal
A13: 9 | B13: 2026-10-01 08:00:00 | C13: 28.62 | D13: 54.54 | E13: Input normal
A14: 10 | B14: 2026-10-01 09:00:00 | C14: 28.34 | D14: 54.58 | E14: Input normal
A15: 11 | B15: 2026-10-01 10:00:00 | C15: 28.2 | D15: 55 | E15: Input normal
A16: 12 | B16: 2026-10-01 11:00:00 | C16: 28.34 | D16: 55.42 | E16: Input normal
... A76: 72 | B76: 2026-10-03 23:00:00 | C76: 28.58 | D76: 54.52 | E76: Input normal

Sheet SKENARIO
A1: KATALOG SKENARIO UJI STANDAR & HASIL YANG DIHARAPKAN
A3: ID | B3: Nama Skenario | C3: Tag Aset | D3: Mode Pola | E3: Parameter Kunci | F3: Hasil yang Diharapkan | G3: Tujuan Verifikasi
A4: 1 | B4: sehat | C4: KO-3201 | D4: datar | E4: Base: 28.5, Noise: 0.3 | F4: Status NORMAL, Z-score < 2.5, TTT: 'tidak ada tren menuju trip' | G4: Verifikasi zero false alarm pada kondisi operasi stabil.
A5: 2 | B5: ramp_lambat | C5: KO-3201 | D5: ramp | E5: Base: 28.5, Slope: 0.5/h | F5: Status EARLY WARNING saat Z >= 2.5; TTT berupa rentang waktu menuju trip | G5: Verifikasi deteksi dini degradasi perlahan sebelum batas alert aturan.
A6: 3 | B6: lonjakan_cepat | C6: PM-4405B | D6: lonjakan | E6: Base: 65.0, Start: Jam 48, Slope: 1.8/h | F6: Status WARNING ALERT -> CRITICAL TRIP; TTT rentang sempit (< 24 jam) | G6: Verifikasi respons eskalasi cepat saat degradasi agresif.
A7: 4 | B7: naik_karena_beban | C7: KO-3201 | D7: naik_karena_beban | E7: Base: 28.5, Load Delta: +15 T/H | F7: Status tetap NORMAL; TIDAK boleh memicu alarm degradasi | G7: Verifikasi kemampuan normalisasi beban memisahkan pengaruh laju produksi dari keausan mekanis.
A8: 5 | B8: spike_noise | C8: BL-5702 | D8: spike | E8: Base: 3.8, Spike: Jam 36 (+20 mm/s) | F8: Status tetap NORMAL; rolling filter meredam lonjakan 1 jam | G8: Verifikasi ketahanan terhadap noise impulsif / interferensi listrik sesaat.
A9: 6 | B9: sensor_flatline | C9: HE-3301 | D9: flatline | E9: Base: 9.40 (nilai konstan, 0 variansi) | F9: Status SENSOR FLATLINE; TTT: 'tidak ada tren menuju trip' | G9: Verifikasi deteksi kegagalan sensor macet / transmitter membeku.
A10: 7 | B10: ml_normal_rule_trip | C10: PU-2101B | D10: lonjakan | E10: Base: 9.4, Jam 60 drop ke 3.5 barg (< trip 3.8) | F10: Status CRITICAL TRIP (Rule Floor); Aturan menang mutlak | G10: Verifikasi prinsip LANTAI KESELAMATAN: status aturan tidak pernah ditekan oleh ML.
